,City,Country,Coordinates,Max Temperature,Humidity,Pressure,Cloudiness,Wind Speed,Date,Latitude
0,Rikitea,PF,"{'lon': -134.9692, 'lat': -23.1203}",74.16,84,1019,7,19.75,2021-10-23 04:25:34,-23.1203
1,Kapaa,US,"{'lon': -159.319, 'lat': 22.0752}",80.58,87,1019,40,11.5,2021-10-23 04:25:34,22.0752
2,Solnechnyy,RU,"{'lon': 136.6319, 'lat': 50.7214}",43.7,64,1012,98,2.91,2021-10-23 04:25:34,50.7214
3,Mataura,NZ,"{'lon': 168.8643, 'lat': -46.1927}",70.36,43,1018,96,3.04,2021-10-23 04:25:34,-46.1927
4,San Patricio,US,"{'lon': -97.5169, 'lat': 28.017}",80.46,79,1015,97,8.95,2021-10-23 04:25:35,28.017
5,Tazovsky,RU,"{'lon': 78.7, 'lat': 67.4667}",24.35,95,990,93,4.63,2021-10-23 04:25:35,67.4667
6,Ushuaia,AR,"{'lon': -68.3, 'lat': -54.8}",35.26,93,978,90,24.16,2021-10-23 04:25:35,-54.8
7,Jamestown,US,"{'lon': -79.2353, 'lat': 42.097}",45.72,91,1014,90,1.01,2021-10-23 04:25:23,42.097
8,Cascais,PT,"{'lon': -9.4215, 'lat': 38.6979}",62.51,64,1021,28,8.99,2021-10-23 04:25:17,38.6979
9,Bambous Virieux,MU,"{'lon': 57.7575, 'lat': -20.3428}",76.21,88,1020,75,14.97,2021-10-23 04:25:36,-20.3428
10,Port Alfred,ZA,"{'lon': 26.891, 'lat': -33.5906}",63.75,68,1005,35,8.21,2021-10-23 04:25:36,-33.5906
11,Cape Town,ZA,"{'lon': 18.4232, 'lat': -33.9258}",58.87,82,1010,75,5.99,2021-10-23 04:21:00,-33.9258
12,Avarua,CK,"{'lon': -159.775, 'lat': -21.2078}",71.65,64,1010,20,5.75,2021-10-23 04:25:36,-21.2078
13,Hobart,AU,"{'lon': 147.3294, 'lat': -42.8794}",56.01,90,1010,90,1.01,2021-10-23 04:25:37,-42.8794
14,Punta Arenas,CL,"{'lon': -70.9167, 'lat': -53.15}",37.51,81,989,0,29.93,2021-10-23 04:25:37,-53.15
15,Bluff,NZ,"{'lon': 168.3333, 'lat': -46.6}",56.14,70,1020,97,12.5,2021-10-23 04:25:37,-46.6
16,Hilo,US,"{'lon': -155.09, 'lat': 19.7297}",73.13,95,1018,90,4.61,2021-10-23 04:22:30,19.7297
17,Celestún,MX,"{'lon': -90.4, 'lat': 20.8667}",78.58,86,1014,98,10.98,2021-10-23 04:25:38,20.8667
18,Boa Vista,BR,"{'lon': -60.6733, 'lat': 2.8197}",78.78,78,1011,20,2.3,2021-10-23 04:25:38,2.8197
19,Cacheu,GW,"{'lon': -16.1658, 'lat': 12.2706}",80.74,91,1009,40,3.69,2021-10-23 04:25:38,12.2706
20,Aklavik,CA,"{'lon': -135.0107, 'lat': 68.2191}",27.43,86,984,100,11.5,2021-10-23 04:25:39,68.2191
21,New Norfolk,AU,"{'lon': 147.0587, 'lat': -42.7826}",55.65,83,1011,100,1.01,2021-10-23 04:25:39,-42.7826
22,Nyurba,RU,"{'lon': 118.3319, 'lat': 63.2842}",36.81,81,1008,68,6.38,2021-10-23 04:25:39,63.2842
23,Atasū,KZ,"{'lon': 71.6433, 'lat': 48.6814}",36.5,96,1031,100,20.0,2021-10-23 04:25:39,48.6814
24,Arman',RU,"{'lon': 150.1667, 'lat': 59.7}",25.23,89,1003,100,10.74,2021-10-23 04:25:40,59.7
25,Masallātah,LY,"{'lon': 14, 'lat': 32.6167}",72.16,43,1014,70,15.03,2021-10-23 04:25:40,32.6167
26,Hermanus,ZA,"{'lon': 19.2345, 'lat': -34.4187}",57.79,82,1008,100,21.52,2021-10-23 04:22:56,-34.4187
27,Starosubkhangulovo,RU,"{'lon': 57.4423, 'lat': 53.1031}",42.67,91,1013,89,7.92,2021-10-23 04:25:40,53.1031
28,Albany,US,"{'lon': -73.9662, 'lat': 42.6001}",44.74,82,1013,36,5.19,2021-10-23 04:23:44,42.6001
29,Philadelphia,US,"{'lon': -75.1638, 'lat': 39.9523}",56.88,75,1013,20,1.01,2021-10-23 04:21:45,39.9523
30,Atuona,PF,"{'lon': -139.0333, 'lat': -9.8}",77.97,79,1014,25,17.67,2021-10-23 04:25:41,-9.8
31,Yellowknife,CA,"{'lon': -114.3525, 'lat': 62.456}",42.42,71,1005,20,19.57,2021-10-23 04:24:05,62.456
32,Zheleznodorozhnyy,RU,"{'lon': 38.0042, 'lat': 55.7503}",45.21,70,1002,100,12.41,2021-10-23 04:25:41,55.7503
33,Carmelo,UY,"{'lon': -58.2856, 'lat': -33.9892}",61.16,93,1009,100,14.29,2021-10-23 04:20:54,-33.9892
34,Puerto Ayora,EC,"{'lon': -90.3518, 'lat': -0.7393}",69.96,86,1015,37,7.0,2021-10-23 04:25:42,-0.7393
35,Vaini,TO,"{'lon': -175.2, 'lat': -21.2}",77.16,78,1016,40,11.5,2021-10-23 04:25:42,-21.2
36,Cherskiy,RU,"{'lon': 161.3, 'lat': 68.75}",-3.62,100,1012,99,3.36,2021-10-23 04:25:42,68.75
37,Necochea,AR,"{'lon': -58.7368, 'lat': -38.5473}",50.04,93,1011,100,5.91,2021-10-23 04:25:42,-38.5473
38,Lesnoy,RU,"{'lon': 63.0784, 'lat': 57.6198}",48.33,79,999,97,13.87,2021-10-23 04:25:43,57.6198
39,Wanning,CN,"{'lon': 110.3967, 'lat': 18.8003}",74.48,83,1019,96,16.08,2021-10-23 04:25:43,18.8003
40,Saint-Augustin,CA,"{'lon': -58.6502, 'lat': 51.226}",43.5,66,1014,100,15.12,2021-10-23 04:25:44,51.226
41,Saskylakh,RU,"{'lon': 114.0833, 'lat': 71.9167}",-11.07,100,1010,94,2.66,2021-10-23 04:25:44,71.9167
42,Iqaluit,CA,"{'lon': -68.5145, 'lat': 63.7506}",26.33,86,1014,90,8.01,2021-10-23 04:22:20,63.7506
43,Buala,SB,"{'lon': 159.5921, 'lat': -8.145}",85.6,67,1011,23,8.34,2021-10-23 04:25:44,-8.145
44,Agogo,GH,"{'lon': -1.0819, 'lat': 6.8}",69.51,98,1011,96,3.94,2021-10-23 04:25:44,6.8
45,Bilma,NE,"{'lon': 12.9164, 'lat': 18.6853}",77.34,19,1014,3,7.83,2021-10-23 04:25:45,18.6853
46,Quechultenango,MX,"{'lon': -99.2167, 'lat': 17.4167}",69.35,99,1016,100,3.09,2021-10-23 04:25:45,17.4167
47,Lebu,CL,"{'lon': -73.65, 'lat': -37.6167}",50.32,67,1025,69,15.73,2021-10-23 04:25:45,-37.6167
48,Luena,AO,"{'lon': 19.9167, 'lat': -11.7833}",61.39,96,1015,76,2.39,2021-10-23 04:25:46,-11.7833
49,Barrow,US,"{'lon': -156.7887, 'lat': 71.2906}",30.22,80,995,90,10.36,2021-10-23 04:25:46,71.2906
50,Marawi,PH,"{'lon': 124.2928, 'lat': 7.9986}",75.65,78,1010,100,4.12,2021-10-23 04:25:46,7.9986
51,Lüderitz,NA,"{'lon': 15.1594, 'lat': -26.6481}",54.68,84,1018,0,8.55,2021-10-23 04:25:46,-26.6481
52,Ponta do Sol,PT,"{'lon': -17.1, 'lat': 32.6667}",68.63,67,1021,28,8.5,2021-10-23 04:25:47,32.6667
53,Tura,IN,"{'lon': 90.2201, 'lat': 25.5198}",77.7,56,1015,0,0.72,2021-10-23 04:25:47,25.5198
54,Michalovce,SK,"{'lon': 21.9195, 'lat': 48.7543}",42.53,71,1019,80,5.48,2021-10-23 04:25:47,48.7543
55,Norman Wells,CA,"{'lon': -126.8329, 'lat': 65.282}",41.04,70,987,20,9.22,2021-10-23 04:25:48,65.282
56,Tegul'det,RU,"{'lon': 88.1667, 'lat': 57.3064}",38.62,57,1019,97,14.67,2021-10-23 04:25:48,57.3064
57,Pevek,RU,"{'lon': 170.3133, 'lat': 69.7008}",12.42,91,1008,100,6.51,2021-10-23 04:25:48,69.7008
58,Bredasdorp,ZA,"{'lon': 20.0403, 'lat': -34.5322}",57.27,82,1007,100,12.66,2021-10-23 04:25:49,-34.5322
59,Thompson,CA,"{'lon': -97.8558, 'lat': 55.7435}",30.36,86,1024,75,4.61,2021-10-23 04:25:49,55.7435
60,Maragogi,BR,"{'lon': -35.2225, 'lat': -9.0122}",76.51,86,1011,9,5.86,2021-10-23 04:25:49,-9.0122
61,Sur,OM,"{'lon': 59.5289, 'lat': 22.5667}",83.21,64,1014,0,6.8,2021-10-23 04:21:53,22.5667
62,Forsytheganj,BY,"{'lon': 29.7333, 'lat': 52.6333}",45.88,62,1008,52,15.23,2021-10-23 04:25:50,52.6333
63,Kalispell,US,"{'lon': -114.3129, 'lat': 48.1958}",47.66,90,1006,90,4.0,2021-10-23 04:25:50,48.1958
64,Labuhan,ID,"{'lon': 112.2051, 'lat': -6.8844}",89.8,54,1012,66,6.85,2021-10-23 04:25:50,-6.8844
65,Talalora,PH,"{'lon': 124.8362, 'lat': 11.5293}",79.03,85,1010,100,5.26,2021-10-23 04:25:50,11.5293
66,Bouna,CI,"{'lon': -3, 'lat': 9.2667}",72.32,92,1011,16,4.74,2021-10-23 04:25:51,9.2667
67,Zhenlai,CN,"{'lon': 123.2973, 'lat': 45.8495}",55.27,28,1024,0,9.71,2021-10-23 04:25:51,45.8495
68,Algete,ES,"{'lon': -3.4974, 'lat': 40.5971}",48.79,75,1022,0,5.01,2021-10-23 04:25:51,40.5971
69,Nhulunbuy,AU,"{'lon': 136.7667, 'lat': -12.2333}",90.21,58,1012,50,10.36,2021-10-23 04:25:17,-12.2333
70,Honiara,SB,"{'lon': 159.95, 'lat': -9.4333}",86.74,62,1011,8,5.68,2021-10-23 04:25:52,-9.4333
71,Laas,IT,"{'lon': 10.7002, 'lat': 46.6166}",44.06,73,1024,16,4.7,2021-10-23 04:25:52,46.6166
72,Saint-Philippe,RE,"{'lon': 55.7679, 'lat': -21.3585}",82.47,80,1020,36,8.23,2021-10-23 04:25:52,-21.3585
73,Huarmey,PE,"{'lon': -78.1522, 'lat': -10.0681}",63.5,86,1015,87,8.63,2021-10-23 04:25:53,-10.0681
74,George Town,MY,"{'lon': 100.3354, 'lat': 5.4112}",89.53,69,1012,20,3.44,2021-10-23 04:25:53,5.4112
75,Aleksandrov Gay,RU,"{'lon': 48.5704, 'lat': 50.147}",50.4,77,1016,83,7.9,2021-10-23 04:25:53,50.147
76,Mossamedes,AO,"{'lon': 12.1522, 'lat': -15.1961}",64.27,67,1014,37,8.12,2021-10-23 04:25:53,-15.1961
77,Okakarara,NA,"{'lon': 17.4333, 'lat': -20.5833}",60.1,29,1015,0,6.91,2021-10-23 04:25:54,-20.5833
78,Amahai,ID,"{'lon': 128.9167, 'lat': -3.3333}",84.65,69,1010,50,5.57,2021-10-23 04:25:54,-3.3333
79,Faya,SA,"{'lon': 42.4509, 'lat': 18.3851}",55.92,34,1022,90,5.68,2021-10-23 04:25:54,18.3851
80,Kidal,ML,"{'lon': 1.4078, 'lat': 18.4411}",81.93,24,1010,17,9.66,2021-10-23 04:24:00,18.4411
81,Inhambane,MZ,"{'lon': 35.3833, 'lat': -23.865}",73.35,67,1013,0,13.67,2021-10-23 04:25:55,-23.865
82,Saldanha,ZA,"{'lon': 17.9442, 'lat': -33.0117}",57.25,78,1011,84,20.04,2021-10-23 04:25:55,-33.0117
83,Provideniya,RU,"{'lon': -173.3, 'lat': 64.3833}",26.26,75,995,100,8.43,2021-10-23 04:25:55,64.3833
84,Pangnirtung,CA,"{'lon': -65.7125, 'lat': 66.1451}",25.47,63,1009,92,7.94,2021-10-23 04:25:56,66.1451
85,Bethel,US,"{'lon': -73.414, 'lat': 41.3712}",58.57,70,1012,20,6.91,2021-10-23 04:25:56,41.3712
86,Çermik,TR,"{'lon': 39.4493, 'lat': 38.1361}",39.69,31,1019,0,4.12,2021-10-23 04:25:56,38.1361
87,Clyde River,CA,"{'lon': -68.5914, 'lat': 70.4692}",21.33,78,1006,100,6.02,2021-10-23 04:25:14,70.4692
88,Klaksvík,FO,"{'lon': -6.589, 'lat': 62.2266}",47.32,93,1007,100,29.64,2021-10-23 04:25:57,62.2266
89,Taksimo,RU,"{'lon': 114.8794, 'lat': 56.3444}",39.94,53,1021,56,0.6,2021-10-23 04:25:57,56.3444
90,Rusape,ZW,"{'lon': 32.1284, 'lat': -18.5278}",65.17,54,1015,17,6.46,2021-10-23 04:25:57,-18.5278
91,Salalah,OM,"{'lon': 54.0924, 'lat': 17.0151}",77.09,73,1016,0,2.3,2021-10-23 04:25:57,17.0151
92,Nikolskoye,RU,"{'lon': 30.7861, 'lat': 59.7035}",42.87,86,990,99,10.56,2021-10-23 04:25:58,59.7035
93,Geraldton,AU,"{'lon': 114.6, 'lat': -28.7667}",79.21,38,1020,0,17.27,2021-10-23 04:25:58,-28.7667
94,Busselton,AU,"{'lon': 115.3333, 'lat': -33.65}",70.09,53,1024,0,6.76,2021-10-23 04:23:45,-33.65
95,Qaryat Sulūq,LY,"{'lon': 20.2521, 'lat': 31.6682}",67.17,50,1020,12,11.77,2021-10-23 04:25:58,31.6682
96,Portland,US,"{'lon': -122.6762, 'lat': 45.5234}",54.01,92,1010,90,1.01,2021-10-23 04:21:04,45.5234
97,Bubaque,GW,"{'lon': -15.8333, 'lat': 11.2833}",82.87,74,1009,59,9.26,2021-10-23 04:25:59,11.2833
98,Mount Gambier,AU,"{'lon': 140.7667, 'lat': -37.8333}",58.91,63,1019,75,12.66,2021-10-23 04:25:59,-37.8333
99,Castro,BR,"{'lon': -50.0119, 'lat': -24.7911}",54.18,78,1013,0,3.85,2021-10-23 04:24:19,-24.7911
100,Hasaki,JP,"{'lon': 140.8333, 'lat': 35.7333}",66.29,49,1018,8,15.1,2021-10-23 04:25:59,35.7333
101,Betioky,MG,"{'lon': 44.3833, 'lat': -23.7167}",71.35,58,1015,97,3.91,2021-10-23 04:26:00,-23.7167
102,Beyneu,KZ,"{'lon': 55.2, 'lat': 45.3167}",49.69,33,1027,4,11.14,2021-10-23 04:26:00,45.3167
103,Alofi,NU,"{'lon': -169.9187, 'lat': -19.0595}",75.09,60,1013,97,14.97,2021-10-23 04:26:00,-19.0595
104,Haines Junction,CA,"{'lon': -137.5108, 'lat': 60.7522}",33.75,93,987,100,2.3,2021-10-23 04:26:01,60.7522
105,Itupiranga,BR,"{'lon': -49.3267, 'lat': -5.1347}",75.52,95,1010,90,1.59,2021-10-23 04:26:01,-5.1347
106,Havøysund,NO,"{'lon': 24.6622, 'lat': 70.9963}",32.88,57,1005,100,11.74,2021-10-23 04:26:02,70.9963
107,Grand-Santi,GF,"{'lon': -54.3833, 'lat': 4.25}",73.26,97,1011,100,1.19,2021-10-23 04:26:02,4.25
108,Khovd,MN,"{'lon': 91.6419, 'lat': 48.0056}",44.04,30,1022,100,1.19,2021-10-23 04:22:59,48.0056
109,Tasiilaq,GL,"{'lon': -37.6368, 'lat': 65.6145}",30.36,93,994,100,10.04,2021-10-23 04:26:02,65.6145
110,Aksu,CN,"{'lon': 80.2644, 'lat': 41.1231}",53.02,56,1024,100,7.78,2021-10-23 04:26:03,41.1231
111,Areosa,PT,"{'lon': -8.8571, 'lat': 41.7178}",57.07,68,1021,17,3.47,2021-10-23 04:26:03,41.7178
112,Dunedin,NZ,"{'lon': 170.5036, 'lat': -45.8742}",54.81,74,1022,95,14.0,2021-10-23 04:26:03,-45.8742
113,Qingquan,CN,"{'lon': 115.2559, 'lat': 30.4511}",65.79,40,1027,0,3.87,2021-10-23 04:26:04,30.4511
114,Tuktoyaktuk,CA,"{'lon': -133.0374, 'lat': 69.4541}",33.8,100,983,90,12.66,2021-10-23 04:26:04,69.4541
115,Talnakh,RU,"{'lon': 88.3972, 'lat': 69.4865}",27.05,96,990,100,8.34,2021-10-23 04:26:04,69.4865
116,Lake Havasu City,US,"{'lon': -114.3224, 'lat': 34.4839}",77.23,14,1010,1,1.01,2021-10-23 04:26:04,34.4839
117,Port Elizabeth,ZA,"{'lon': 25.5701, 'lat': -33.918}",64.69,55,1004,0,8.05,2021-10-23 04:24:36,-33.918
118,Cartagena del Chairá,CO,"{'lon': -74.8429, 'lat': 1.3349}",71.91,98,1010,34,2.64,2021-10-23 04:26:05,1.3349
119,Ribeira Grande,PT,"{'lon': -28.7, 'lat': 38.5167}",68.41,77,1024,44,15.7,2021-10-23 04:26:05,38.5167
120,Bandarbeyla,SO,"{'lon': 50.8122, 'lat': 9.4942}",78.78,73,1016,63,5.08,2021-10-23 04:26:05,9.4942
121,Butaritari,KI,"{'lon': 172.7902, 'lat': 3.0707}",82.51,75,1009,88,17.9,2021-10-23 04:26:06,3.0707
122,Mar del Plata,AR,"{'lon': -57.5575, 'lat': -38.0023}",55.99,91,1011,90,1.99,2021-10-23 04:26:06,-38.0023
123,Cabo San Lucas,MX,"{'lon': -109.9124, 'lat': 22.8909}",78.51,81,865,1,5.99,2021-10-23 04:25:06,22.8909
124,Arraial do Cabo,BR,"{'lon': -42.0278, 'lat': -22.9661}",68.32,82,1014,1,13.42,2021-10-23 04:26:06,-22.9661
125,Chui,UY,"{'lon': -53.4616, 'lat': -33.6971}",57.69,71,1009,100,6.11,2021-10-23 04:26:07,-33.6971
126,Broome,US,"{'lon': -75.833, 'lat': 42.2506}",40.66,79,1000,1,1.01,2021-10-23 04:26:07,42.2506
127,Lugoba,TZ,"{'lon': 38.3333, 'lat': -6.45}",71.38,86,1016,64,1.95,2021-10-23 04:26:07,-6.45
128,Trairi,BR,"{'lon': -39.2689, 'lat': -3.2778}",78.85,82,1010,100,8.16,2021-10-23 04:21:33,-3.2778
129,Khatanga,RU,"{'lon': 102.5, 'lat': 71.9667}",6.3,91,1000,99,13.06,2021-10-23 04:26:08,71.9667
130,Nevers,FR,"{'lon': 3.159, 'lat': 46.9896}",44.35,76,1027,80,0.67,2021-10-23 04:26:08,46.9896
131,Zhangaözen,KZ,"{'lon': 52.8, 'lat': 43.3}",47.48,36,1025,0,12.39,2021-10-23 04:26:08,43.3
132,Thinadhoo,MV,"{'lon': 72.9333, 'lat': 0.5333}",83.46,69,1015,71,13.38,2021-10-23 04:26:09,0.5333
133,Oistins,BB,"{'lon': -59.5333, 'lat': 13.0667}",82.49,69,1014,20,25.32,2021-10-23 04:26:09,13.0667
134,Tateyama,JP,"{'lon': 139.8667, 'lat': 34.9833}",70.14,47,1018,6,16.71,2021-10-23 04:26:09,34.9833
135,East London,ZA,"{'lon': 27.9116, 'lat': -33.0153}",59.94,82,1006,0,8.05,2021-10-23 04:26:10,-33.0153
136,Marzuq,YE,"{'lon': 46.4667, 'lat': 14.4}",72.01,49,1019,7,3.36,2021-10-23 04:26:10,14.4
137,Hobyo,SO,"{'lon': 48.5268, 'lat': 5.3505}",80.2,74,1016,21,4.27,2021-10-23 04:26:10,5.3505
138,Bonthe,SL,"{'lon': -12.505, 'lat': 7.5264}",76.41,88,1010,99,2.68,2021-10-23 04:26:10,7.5264
139,Leh,IN,"{'lon': 77.5833, 'lat': 34.1667}",37.4,57,1016,99,5.06,2021-10-23 04:26:11,34.1667
140,Kamenka,RU,"{'lon': 42.7678, 'lat': 51.3223}",49.44,68,1013,100,8.16,2021-10-23 04:26:11,51.3223
141,Dikson,RU,"{'lon': 80.5464, 'lat': 73.5069}",13.12,89,997,95,19.48,2021-10-23 04:26:11,73.5069
142,Vuktyl,RU,"{'lon': 57.3094, 'lat': 63.8567}",37.13,85,984,100,12.82,2021-10-23 04:26:12,63.8567
143,Alekseyevsk,RU,"{'lon': 108.3492, 'lat': 57.8406}",41.32,61,1020,100,6.8,2021-10-23 04:26:12,57.8406
144,São Domingos,BR,"{'lon': -46.3183, 'lat': -13.3983}",71.73,82,1012,92,3.0,2021-10-23 04:26:12,-13.3983
145,Jaciara,BR,"{'lon': -54.9683, 'lat': -15.9653}",74.19,84,1008,44,2.15,2021-10-23 04:26:13,-15.9653
146,Chūru,IN,"{'lon': 74.95, 'lat': 28.3}",78.08,47,1013,0,14.72,2021-10-23 04:26:13,28.3
147,Severo-Kuril'sk,RU,"{'lon': 156.125, 'lat': 50.6789}",40.66,81,1013,62,13.4,2021-10-23 04:26:13,50.6789
148,Koróni,GR,"{'lon': 21.95, 'lat': 36.8}",63.07,75,1020,2,8.08,2021-10-23 04:26:13,36.8
149,Flin Flon,CA,"{'lon': -101.865, 'lat': 54.7682}",33.96,79,1023,100,7.09,2021-10-23 04:26:14,54.7682
150,Dombarovskiy,RU,"{'lon': 59.5386, 'lat': 50.7587}",45.54,82,1019,9,18.32,2021-10-23 04:26:14,50.7587
151,Kaya,BF,"{'lon': -1.0844, 'lat': 13.0917}",80.98,56,1010,78,7.25,2021-10-23 04:25:10,13.0917
152,Ust-Nera,RU,"{'lon': 143.2, 'lat': 64.5667}",12.31,88,1009,92,0.47,2021-10-23 04:26:14,64.5667
153,Bergen,NO,"{'lon': 5.328, 'lat': 60.392}",43.65,85,1016,75,3.44,2021-10-23 04:26:15,60.392
154,Kuah,MY,"{'lon': 99.8432, 'lat': 6.3265}",87.8,79,1013,20,4.61,2021-10-23 04:26:15,6.3265
155,Constitución,CL,"{'lon': -72.4167, 'lat': -35.3333}",50.13,73,1022,2,10.85,2021-10-23 04:26:15,-35.3333
156,Sunrise Manor,US,"{'lon': -115.0731, 'lat': 36.2111}",76.51,13,1008,1,9.22,2021-10-23 04:26:16,36.2111
157,Springfield,US,"{'lon': -93.2982, 'lat': 37.2153}",60.82,78,1014,20,5.01,2021-10-23 04:22:00,37.2153
158,Manoel Urbano,BR,"{'lon': -69.2597, 'lat': -8.8389}",77.47,77,1008,83,2.57,2021-10-23 04:26:16,-8.8389
159,Kaitangata,NZ,"{'lon': 169.8464, 'lat': -46.2817}",59.65,62,1020,96,7.54,2021-10-23 04:26:16,-46.2817
160,Phalaborwa,ZA,"{'lon': 31.1411, 'lat': -23.943}",72.68,49,1011,0,3.89,2021-10-23 04:26:17,-23.943
161,Kavieng,PG,"{'lon': 150.7967, 'lat': -2.5744}",85.28,68,1009,19,12.66,2021-10-23 04:26:17,-2.5744
162,Shimoda,JP,"{'lon': 138.95, 'lat': 34.6667}",64.76,68,1018,78,5.41,2021-10-23 04:26:17,34.6667
163,College,US,"{'lon': -147.8028, 'lat': 64.8569}",33.98,85,979,75,3.44,2021-10-23 04:26:17,64.8569
164,Te Anau,NZ,"{'lon': 167.7167, 'lat': -45.4167}",63.93,48,1018,100,2.46,2021-10-23 04:26:18,-45.4167
165,Beringovskiy,RU,"{'lon': 179.3167, 'lat': 63.05}",15.62,80,1004,100,12.77,2021-10-23 04:26:18,63.05
166,Jesup,US,"{'lon': -81.8854, 'lat': 31.6074}",73.09,94,1017,1,0.0,2021-10-23 04:26:18,31.6074
167,Souillac,MU,"{'lon': 57.5167, 'lat': -20.5167}",76.35,88,1020,75,14.97,2021-10-23 04:26:19,-20.5167
168,Balancán,MX,"{'lon': -91.5333, 'lat': 17.8}",73.49,97,1014,100,3.15,2021-10-23 04:26:19,17.8
169,São João da Barra,BR,"{'lon': -41.0511, 'lat': -21.6403}",68.79,82,1014,9,6.44,2021-10-23 04:26:19,-21.6403
170,Kiryat Gat,IL,"{'lon': 34.7642, 'lat': 31.61}",67.41,69,1019,0,2.89,2021-10-23 04:26:19,31.61
171,Poum,NC,"{'lon': 164.0167, 'lat': -20.2333}",75.51,77,1015,4,18.05,2021-10-23 04:26:20,-20.2333
172,Guerrero Negro,MX,"{'lon': -114.0611, 'lat': 27.9769}",66.52,81,1013,0,14.16,2021-10-23 04:26:20,27.9769
173,Wajima,JP,"{'lon': 136.9, 'lat': 37.4}",57.88,54,1024,75,5.75,2021-10-23 04:26:20,37.4
174,Santa Fe,AR,"{'lon': -60.7, 'lat': -31.6333}",66.9,69,1004,100,4.12,2021-10-23 04:23:10,-31.6333
175,Limbang,MY,"{'lon': 115, 'lat': 4.75}",86.31,65,1011,100,4.97,2021-10-23 04:26:21,4.75
176,Chokurdakh,RU,"{'lon': 147.9167, 'lat': 70.6333}",-11.83,99,1012,97,2.89,2021-10-23 04:26:21,70.6333
177,Kamina,CD,"{'lon': 24.9906, 'lat': -8.7386}",63.54,96,1014,100,3.31,2021-10-23 04:26:21,-8.7386
178,Puerto Quijarro,BO,"{'lon': -57.7667, 'lat': -17.7833}",79.36,71,1005,2,2.71,2021-10-23 04:26:22,-17.7833
179,Bafoulabé,ML,"{'lon': -10.8321, 'lat': 13.8065}",79.27,72,1009,66,2.19,2021-10-23 04:26:22,13.8065
180,Alta Floresta,BR,"{'lon': -56.0861, 'lat': -9.8756}",71.55,95,1010,100,2.59,2021-10-23 04:26:22,-9.8756
181,Onega,RU,"{'lon': 38.1404, 'lat': 63.9061}",32.34,87,991,100,11.63,2021-10-23 04:26:22,63.9061
182,Lakes Entrance,AU,"{'lon': 147.981, 'lat': -37.8811}",62.58,95,1012,98,13.69,2021-10-23 04:26:23,-37.8811
183,The Valley,AI,"{'lon': -63.0578, 'lat': 18.217}",82.26,69,1016,3,20.27,2021-10-23 04:26:23,18.217
184,Qaanaaq,GL,"{'lon': -69.3632, 'lat': 77.484}",-0.26,63,1009,0,8.39,2021-10-23 04:26:23,77.484
185,Ihlow,DE,"{'lon': 13.3333, 'lat': 51.8833}",42.22,82,1020,17,12.39,2021-10-23 04:26:24,51.8833
186,Ixtapa,MX,"{'lon': -105.2, 'lat': 20.7}",77.65,95,1011,89,1.5,2021-10-23 04:26:24,20.7
187,Nanortalik,GL,"{'lon': -45.2371, 'lat': 60.1432}",38.41,97,992,100,9.04,2021-10-23 04:26:24,60.1432
188,Upernavik,GL,"{'lon': -56.1549, 'lat': 72.7868}",21.51,79,1000,100,4.16,2021-10-23 04:26:24,72.7868
189,Katsuura,JP,"{'lon': 140.3, 'lat': 35.1333}",66.31,43,1018,2,18.14,2021-10-23 04:26:25,35.1333
190,Egvekinot,RU,"{'lon': -179.1667, 'lat': 66.3167}",11.1,83,1003,100,8.99,2021-10-23 04:26:25,66.3167
191,Hithadhoo,MV,"{'lon': 73.0833, 'lat': -0.6}",82.49,72,1015,100,11.86,2021-10-23 04:26:25,-0.6
192,Calvillo,MX,"{'lon': -102.7167, 'lat': 21.85}",65.34,49,1015,36,4.74,2021-10-23 04:26:26,21.85
193,Itarema,BR,"{'lon': -39.9167, 'lat': -2.9248}",78.46,85,1010,85,8.37,2021-10-23 04:26:26,-2.9248
194,Khorinsk,RU,"{'lon': 109.7726, 'lat': 52.1657}",44.33,40,1022,0,4.0,2021-10-23 04:26:26,52.1657
195,Mamlyutka,KZ,"{'lon': 68.5394, 'lat': 54.9375}",44.62,71,1007,99,19.46,2021-10-23 04:26:27,54.9375
196,Hong Kong,HK,"{'lon': 114.1577, 'lat': 22.2855}",74.25,75,1020,65,1.99,2021-10-23 04:22:58,22.2855
197,Ukiah,US,"{'lon': -123.2078, 'lat': 39.1502}",56.52,82,1014,1,3.44,2021-10-23 04:26:27,39.1502
198,Sūsangerd,IR,"{'lon': 48.1831, 'lat': 31.5608}",68.02,24,1014,0,7.81,2021-10-23 04:26:27,31.5608
199,Codrington,AU,"{'lon': 141.9667, 'lat': -38.2667}",56.75,71,1018,63,14.07,2021-10-23 04:26:27,-38.2667
200,Kasama,ZM,"{'lon': 31.1808, 'lat': -10.2129}",66.9,56,1014,13,4.45,2021-10-23 04:26:28,-10.2129
201,Vanimo,PG,"{'lon': 141.3028, 'lat': -2.6741}",85.05,63,1010,99,6.46,2021-10-23 04:26:28,-2.6741
202,Narsaq,GL,"{'lon': -46.05, 'lat': 60.9167}",37.62,99,992,100,1.36,2021-10-23 04:26:28,60.9167
203,Ahipara,NZ,"{'lon': 173.1667, 'lat': -35.1667}",60.82,95,1015,100,19.37,2021-10-23 04:26:29,-35.1667
204,Komsomolets,KZ,"{'lon': 62.0708, 'lat': 53.7453}",45.66,77,1011,78,17.52,2021-10-23 04:26:29,53.7453
205,Amtala,IN,"{'lon': 88.2944, 'lat': 22.3714}",85.95,56,1015,5,1.72,2021-10-23 04:26:29,22.3714
206,Kaniama,CD,"{'lon': 24.1833, 'lat': -7.5667}",65.48,97,1013,100,0.96,2021-10-23 04:26:29,-7.5667
207,Muravlenko,RU,"{'lon': 74.523, 'lat': 63.7898}",31.64,98,989,100,14.99,2021-10-23 04:26:30,63.7898
208,Vinh Long,VN,"{'lon': 105.9667, 'lat': 10.25}",85.98,61,1013,50,4.81,2021-10-23 04:25:08,10.25
209,South Lake Tahoe,US,"{'lon': -119.9844, 'lat': 38.9332}",49.73,78,940,75,10.36,2021-10-23 04:25:08,38.9332
210,Kalmunai,LK,"{'lon': 81.8167, 'lat': 7.4167}",84.99,67,1014,17,2.53,2021-10-23 04:26:30,7.4167
211,Tsaratanana,MG,"{'lon': 47.65, 'lat': -16.7833}",80.1,46,1017,4,2.8,2021-10-23 04:26:31,-16.7833
212,Saint Paul Harbor,US,"{'lon': -152.4072, 'lat': 57.79}",40.69,82,973,100,14.29,2021-10-23 04:22:53,57.79
213,Suşehri,TR,"{'lon': 38.0867, 'lat': 40.1644}",47.88,45,1021,0,0.74,2021-10-23 04:26:31,40.1644
214,Pangai,TO,"{'lon': -174.35, 'lat': -19.8}",77.11,53,1014,75,12.66,2021-10-23 04:26:31,-19.8
215,Los Llanos de Aridane,ES,"{'lon': -17.9182, 'lat': 28.6585}",65.95,83,1017,75,1.99,2021-10-23 04:26:31,28.6585
216,Cockburn Town,TC,"{'lon': -71.1419, 'lat': 21.4612}",83.39,75,1016,66,19.62,2021-10-23 04:26:32,21.4612
217,Kudahuvadhoo,MV,"{'lon': 72.8944, 'lat': 2.6708}",82.56,72,1015,27,12.21,2021-10-23 04:26:32,2.6708
218,Bobrovytsya,UA,"{'lon': 31.3833, 'lat': 50.75}",46.67,73,1012,13,11.07,2021-10-23 04:22:11,50.75
219,Gamba,GA,"{'lon': 10, 'lat': -2.65}",76.08,87,1012,100,6.24,2021-10-23 04:26:32,-2.65
220,Hvolsvollur,IS,"{'lon': -20.2243, 'lat': 63.7533}",44.82,98,991,100,3.47,2021-10-23 04:26:33,63.7533
221,Port-Cartier,CA,"{'lon': -66.8654, 'lat': 50.0334}",48.42,93,1010,100,5.17,2021-10-23 04:26:33,50.0334
222,Takoradze,GH,"{'lon': -1.7554, 'lat': 4.8845}",76.95,89,1011,100,6.26,2021-10-23 04:25:24,4.8845
223,Yar-Sale,RU,"{'lon': 70.8333, 'lat': 66.8333}",26.8,91,986,72,9.98,2021-10-23 04:26:33,66.8333
224,Tuatapere,NZ,"{'lon': 167.6833, 'lat': -46.1333}",64.44,56,1018,96,5.68,2021-10-23 04:26:34,-46.1333
225,Hamilton,US,"{'lon': -84.5333, 'lat': 39.1834}",53.37,96,1015,90,3.0,2021-10-23 04:24:14,39.1834
226,Fort Smith,US,"{'lon': -94.3986, 'lat': 35.3859}",61.34,74,1016,20,1.01,2021-10-23 04:26:34,35.3859
227,Esperance,AU,"{'lon': 121.9, 'lat': -33.8667}",67.84,50,1027,11,12.5,2021-10-23 04:26:34,-33.8667
228,Puerto Escondido,MX,"{'lon': -97.0667, 'lat': 15.85}",77.0,86,1014,100,2.53,2021-10-23 04:26:35,15.85
229,Kruisfontein,ZA,"{'lon': 24.7314, 'lat': -34.0033}",60.89,67,1006,100,7.36,2021-10-23 04:26:35,-34.0033
230,Manokwari,ID,"{'lon': 134.0833, 'lat': -0.8667}",83.08,75,1010,27,13.06,2021-10-23 04:26:35,-0.8667
231,Belluno,IT,"{'lon': 12.2214, 'lat': 46.145}",52.3,93,1021,5,1.01,2021-10-23 04:26:35,46.145
232,Jalingo,NG,"{'lon': 11.3667, 'lat': 8.8833}",73.54,97,1012,100,3.49,2021-10-23 04:26:36,8.8833
233,Rockport,US,"{'lon': -97.0544, 'lat': 28.0206}",80.62,87,1015,1,1.01,2021-10-23 04:26:36,28.0206
234,Ilulissat,GL,"{'lon': -51.1, 'lat': 69.2167}",19.42,58,1002,99,18.41,2021-10-23 04:26:36,69.2167
235,Dakar,SN,"{'lon': -17.4441, 'lat': 14.6937}",74.28,72,1009,5,13.0,2021-10-23 04:26:36,14.6937
236,Mahébourg,MU,"{'lon': 57.7, 'lat': -20.4081}",76.24,88,1020,75,14.97,2021-10-23 04:26:37,-20.4081
237,Kumluca,TR,"{'lon': 30.2869, 'lat': 36.3703}",65.86,55,1019,0,3.8,2021-10-23 04:26:37,36.3703
238,Karligan,PH,"{'lon': 122.0456, 'lat': 14.975}",82.69,79,1012,100,15.41,2021-10-23 04:26:37,14.975
239,Miyako,JP,"{'lon': 141.9525, 'lat': 39.6367}",53.11,53,1016,80,12.84,2021-10-23 04:26:38,39.6367
240,Puerto Palomas,MX,"{'lon': -107.6167, 'lat': 31.7667}",63.73,29,1009,44,4.05,2021-10-23 04:26:38,31.7667
241,Lodja,CD,"{'lon': 23.4333, 'lat': -3.4833}",67.64,99,1013,95,0.83,2021-10-23 04:26:38,-3.4833
242,Oussouye,SN,"{'lon': -16.5469, 'lat': 12.485}",80.78,83,1009,50,4.59,2021-10-23 04:26:38,12.485
243,Torbay,CA,"{'lon': -52.7314, 'lat': 47.6666}",52.75,92,1018,90,9.22,2021-10-23 04:26:39,47.6666
244,Dongsheng,CN,"{'lon': 109.9776, 'lat': 39.8161}",48.07,42,1024,33,16.35,2021-10-23 04:26:39,39.8161
245,Mackay,AU,"{'lon': 149.2, 'lat': -21.15}",87.04,62,1014,7,17.27,2021-10-23 04:26:39,-21.15
246,Agüimes,ES,"{'lon': -15.4461, 'lat': 27.9054}",68.63,70,1017,75,20.71,2021-10-23 04:26:40,27.9054
247,Zhezkazgan,KZ,"{'lon': 67.7144, 'lat': 47.8043}",42.51,50,1030,76,18.81,2021-10-23 04:26:40,47.8043
248,Mahon,ES,"{'lon': 4.2658, 'lat': 39.8885}",63.16,63,1019,20,18.41,2021-10-23 04:26:40,39.8885
249,Evans,US,"{'lon': -82.1307, 'lat': 33.5337}",64.6,67,1016,1,1.01,2021-10-23 04:26:40,33.5337
250,Bathsheba,BB,"{'lon': -59.5167, 'lat': 13.2167}",83.01,69,1014,20,25.32,2021-10-23 04:26:41,13.2167
251,Shizunai-furukawachō,JP,"{'lon': 142.3669, 'lat': 42.3339}",51.98,57,1014,26,19.75,2021-10-23 04:25:53,42.3339
252,Port Hedland,AU,"{'lon': 118.5667, 'lat': -20.3167}",102.25,11,1012,1,17.27,2021-10-23 04:26:41,-20.3167
253,Marfino,RU,"{'lon': 37.3822, 'lat': 55.7028}",44.94,67,1001,0,11.18,2021-10-23 04:26:41,55.7028
254,Fortuna,US,"{'lon': -124.1573, 'lat': 40.5982}",56.35,73,1014,90,5.99,2021-10-23 04:26:42,40.5982
255,Metro,ID,"{'lon': 105.3067, 'lat': -5.1131}",88.3,57,1012,91,5.23,2021-10-23 04:26:42,-5.1131
256,Carnarvon,AU,"{'lon': 113.6333, 'lat': -24.8667}",78.87,53,1016,0,20.71,2021-10-23 04:26:42,-24.8667
257,Galion,US,"{'lon': -82.7899, 'lat': 40.7337}",48.18,88,1018,100,4.25,2021-10-23 04:26:10,40.7337
258,Nome,US,"{'lon': -165.4064, 'lat': 64.5011}",37.47,60,985,90,20.71,2021-10-23 04:22:06,64.5011
259,Flinders,AU,"{'lon': 150.8552, 'lat': -34.5833}",89.8,66,1005,70,5.01,2021-10-23 04:26:43,-34.5833
260,Yinchuan,CN,"{'lon': 106.2731, 'lat': 38.4681}",53.42,46,1022,39,2.75,2021-10-23 04:25:11,38.4681
261,Tiksi,RU,"{'lon': 128.8694, 'lat': 71.6872}",4.71,94,1012,100,2.33,2021-10-23 04:26:43,71.6872
262,Half Moon Bay,US,"{'lon': -122.4286, 'lat': 37.4636}",58.78,87,1016,90,0.0,2021-10-23 04:26:44,37.4636
263,Borba,BR,"{'lon': -59.5939, 'lat': -4.3878}",76.84,80,1009,97,2.42,2021-10-23 04:26:44,-4.3878
264,Shamli,IN,"{'lon': 77.3167, 'lat': 29.45}",76.89,50,1014,0,7.27,2021-10-23 04:26:44,29.45
265,Meadow Lake,US,"{'lon': -106.5436, 'lat': 34.8014}",65.16,32,1011,93,6.8,2021-10-23 04:26:44,34.8014
266,São Filipe,CV,"{'lon': -24.4956, 'lat': 14.8961}",79.56,69,1011,0,3.27,2021-10-23 04:26:45,14.8961
267,Frontera,MX,"{'lon': -101.45, 'lat': 26.9333}",78.94,64,1018,41,4.9,2021-10-23 04:26:45,26.9333
268,Mogadishu,SO,"{'lon': 45.3438, 'lat': 2.0371}",80.02,80,1015,36,11.5,2021-10-23 04:26:45,2.0371
269,Pangody,RU,"{'lon': 74.4859, 'lat': 65.85}",27.25,95,989,88,11.68,2021-10-23 04:26:46,65.85
270,Basco,PH,"{'lon': 121.9702, 'lat': 20.4487}",79.59,82,1015,92,23.89,2021-10-23 04:26:46,20.4487
271,Buchanan,LR,"{'lon': -10.0467, 'lat': 5.8808}",76.96,90,1010,100,1.03,2021-10-23 04:26:46,5.8808
272,Iquique,CL,"{'lon': -70.1431, 'lat': -20.2208}",60.84,76,1018,45,1.36,2021-10-23 04:26:04,-20.2208
273,Jalu,LY,"{'lon': 21.5482, 'lat': 29.0331}",66.88,46,1020,7,7.56,2021-10-23 04:26:46,29.0331
274,Eureka,US,"{'lon': -124.1637, 'lat': 40.8021}",56.62,92,1012,100,7.61,2021-10-23 04:26:47,40.8021
275,Saint George,US,"{'lon': -113.5841, 'lat': 37.1041}",68.34,31,1011,1,1.01,2021-10-23 04:26:47,37.1041
276,Omboué,GA,"{'lon': 9.2618, 'lat': -1.5746}",76.33,87,1012,100,7.27,2021-10-23 04:26:47,-1.5746
277,Igrim,RU,"{'lon': 64.4162, 'lat': 63.1906}",38.77,95,984,100,8.34,2021-10-23 04:26:48,63.1906
278,Mount Isa,AU,"{'lon': 139.5, 'lat': -20.7333}",94.77,24,1013,98,16.11,2021-10-23 04:26:48,-20.7333
279,Mapiripán,CO,"{'lon': -72.1256, 'lat': 2.8892}",74.14,88,1010,14,4.56,2021-10-23 04:26:48,2.8892
280,Micheweni,TZ,"{'lon': 39.8333, 'lat': -4.9667}",76.86,74,1016,91,3.27,2021-10-23 04:26:49,-4.9667
281,Nagua,DO,"{'lon': -69.8474, 'lat': 19.3832}",78.44,89,1016,29,5.73,2021-10-23 04:26:49,19.3832
282,Montepuez,MZ,"{'lon': 38.9997, 'lat': -13.1256}",69.6,70,1016,8,4.7,2021-10-23 04:26:49,-13.1256
283,Moose Factory,CA,"{'lon': -80.6094, 'lat': 51.2585}",35.6,87,1010,90,11.5,2021-10-23 04:26:49,51.2585
284,Lorengau,PG,"{'lon': 147.2712, 'lat': -2.0226}",84.15,71,1010,77,8.43,2021-10-23 04:26:50,-2.0226
285,Humberto de Campos,BR,"{'lon': -43.4611, 'lat': -2.5983}",75.87,94,1010,98,3.96,2021-10-23 04:26:50,-2.5983
286,Kuantan,MY,"{'lon': 103.326, 'lat': 3.8077}",87.91,70,1013,40,2.3,2021-10-23 04:26:50,3.8077
287,Christchurch,NZ,"{'lon': 172.6333, 'lat': -43.5333}",59.95,67,1027,75,5.99,2021-10-23 04:22:22,-43.5333
288,Dogondoutchi,NE,"{'lon': 4.0287, 'lat': 13.6393}",83.43,53,1010,73,10.76,2021-10-23 04:26:51,13.6393
289,Pangkalanbuun,ID,"{'lon': 111.6167, 'lat': -2.6833}",77.95,88,1012,100,1.43,2021-10-23 04:26:51,-2.6833
290,Bariloche,AR,"{'lon': -71.3082, 'lat': -41.1456}",42.55,61,1014,40,32.21,2021-10-23 04:26:51,-41.1456
291,Uyuni,BO,"{'lon': -66.825, 'lat': -20.4597}",46.02,14,1015,0,9.13,2021-10-23 04:26:52,-20.4597
292,Nacozari,MX,"{'lon': -108.2574, 'lat': 25.3366}",78.12,68,1009,0,2.98,2021-10-23 04:26:52,25.3366
293,Namanga,KE,"{'lon': 36.7905, 'lat': -2.5433}",65.82,79,1018,75,4.36,2021-10-23 04:26:52,-2.5433
294,Mandera,KE,"{'lon': 41.867, 'lat': 3.9366}",78.53,68,1015,8,8.59,2021-10-23 04:26:52,3.9366
295,Touros,BR,"{'lon': -35.4608, 'lat': -5.1989}",81.5,81,1011,26,8.68,2021-10-23 04:26:02,-5.1989
296,Ndola,ZM,"{'lon': 28.6366, 'lat': -12.9587}",64.71,55,1015,9,4.54,2021-10-23 04:26:53,-12.9587
297,Kamiiso,JP,"{'lon': 140.65, 'lat': 41.8167}",53.98,47,1016,75,13.8,2021-10-23 04:26:53,41.8167
298,Batemans Bay,AU,"{'lon': 150.1833, 'lat': -35.7167}",86.99,59,1010,55,9.89,2021-10-23 04:26:53,-35.7167
299,Ossora,RU,"{'lon': 163.0719, 'lat': 59.2353}",25.41,70,1008,37,2.06,2021-10-23 04:26:54,59.2353
300,Ciudad del Carmen,MX,"{'lon': -91.8333, 'lat': 18.6333}",75.24,94,1013,90,5.75,2021-10-23 04:25:51,18.6333
301,Matara,LK,"{'lon': 80.5353, 'lat': 5.9485}",85.23,63,1015,61,8.52,2021-10-23 04:26:54,5.9485
302,Rocha,UY,"{'lon': -54.3333, 'lat': -34.4833}",57.18,87,1010,100,2.73,2021-10-23 04:23:26,-34.4833
303,Airai,TL,"{'lon': 125.4092, 'lat': -8.9266}",80.83,41,1011,53,2.17,2021-10-23 04:26:54,-8.9266
304,Kampene,CD,"{'lon': 26.6667, 'lat': -3.6}",65.97,99,1013,86,1.3,2021-10-23 04:26:55,-3.6
305,Grimshaw,CA,"{'lon': -117.6027, 'lat': 56.1834}",40.62,87,1002,90,4.61,2021-10-23 04:26:55,56.1834
306,Coyhaique,CL,"{'lon': -72.0662, 'lat': -45.5752}",42.75,75,1007,40,5.75,2021-10-23 04:26:55,-45.5752
307,Umluj,SA,"{'lon': 37.2685, 'lat': 25.0213}",77.22,56,1014,0,10.2,2021-10-23 04:26:56,25.0213
308,Nemuro,JP,"{'lon': 145.575, 'lat': 43.3236}",45.03,82,1013,99,11.79,2021-10-23 04:26:56,43.3236
309,Coolum Beach,AU,"{'lon': 153.1, 'lat': -26.5333}",89.33,82,1012,10,12.55,2021-10-23 04:26:56,-26.5333
310,São José da Coroa Grande,BR,"{'lon': -35.1478, 'lat': -8.8978}",77.04,85,1011,15,6.17,2021-10-23 04:26:56,-8.8978
311,Lagoa,PT,"{'lon': -27.9833, 'lat': 39.05}",67.46,73,1024,58,15.37,2021-10-23 04:26:57,39.05
312,Kenai,US,"{'lon': -151.2583, 'lat': 60.5544}",40.14,81,976,40,9.22,2021-10-23 04:23:59,60.5544
313,Magistral'nyy,RU,"{'lon': 107.4458, 'lat': 56.1725}",41.13,63,1022,88,3.38,2021-10-23 04:26:57,56.1725
314,Bella Vista,US,"{'lon': -94.2316, 'lat': 36.4295}",62.82,69,1015,40,4.0,2021-10-23 04:26:57,36.4295
315,Sturgis,US,"{'lon': -85.4192, 'lat': 41.7992}",48.31,2,1016,100,6.33,2021-10-23 04:26:58,41.7992
316,Kuala Terengganu,MY,"{'lon': 103.1408, 'lat': 5.3302}",85.95,79,1013,40,5.75,2021-10-23 04:26:58,5.3302
317,Toamasina,MG,"{'lon': 49.3833, 'lat': -18.1667}",75.2,94,1016,75,2.3,2021-10-23 04:26:58,-18.1667
318,Mackenzie,CA,"{'lon': -123.1698, 'lat': 55.2999}",34.02,100,1000,1,0.0,2021-10-23 04:26:58,55.2999
319,Kyotera,UG,"{'lon': 31.5175, 'lat': -0.6156}",62.46,91,1016,25,2.64,2021-10-23 04:26:59,-0.6156
320,Lamu,KE,"{'lon': 40.902, 'lat': -2.2717}",73.62,76,1015,61,6.87,2021-10-23 04:26:59,-2.2717
321,Greenville,US,"{'lon': -77.3663, 'lat': 35.6127}",68.99,87,1014,40,0.0,2021-10-23 04:26:31,35.6127
322,Dingle,PH,"{'lon': 122.6711, 'lat': 10.9995}",83.07,80,1009,65,11.25,2021-10-23 04:26:59,10.9995
323,Murgab,TM,"{'lon': 61.9714, 'lat': 37.4966}",42.67,45,1031,0,9.22,2021-10-23 04:27:00,37.4966
324,Esim,GH,"{'lon': -2.2405, 'lat': 4.8699}",77.76,84,1011,100,5.39,2021-10-23 04:27:00,4.8699
325,Wagar,SD,"{'lon': 36.2032, 'lat': 16.1525}",78.21,56,1012,7,9.71,2021-10-23 04:27:00,16.1525
326,Isangel,VU,"{'lon': 169.2667, 'lat': -19.55}",78.42,80,1014,68,8.93,2021-10-23 04:27:01,-19.55
327,Wad Medani,SD,"{'lon': 33.5199, 'lat': 14.4012}",82.67,34,1010,16,6.98,2021-10-23 04:27:01,14.4012
328,Plettenberg Bay,ZA,"{'lon': 23.3716, 'lat': -34.0527}",61.84,57,1006,100,9.62,2021-10-23 04:27:02,-34.0527
329,Muros,ES,"{'lon': -9.0603, 'lat': 42.7762}",57.83,94,1021,11,5.1,2021-10-23 04:27:02,42.7762
330,Chinsali,ZM,"{'lon': 32.0816, 'lat': -10.5414}",67.51,57,1014,8,1.12,2021-10-23 04:27:02,-10.5414
331,Thongwa,MM,"{'lon': 96.5278, 'lat': 16.7619}",82.56,82,1014,98,5.59,2021-10-23 04:27:03,16.7619
332,Sijunjung,ID,"{'lon': 100.9537, 'lat': -0.6876}",88.83,58,1013,41,2.33,2021-10-23 04:27:03,-0.6876
333,Luwingu,ZM,"{'lon': 29.9271, 'lat': -10.2621}",71.53,53,1013,83,3.09,2021-10-23 04:27:03,-10.2621
334,Wenling,CN,"{'lon': 121.36, 'lat': 28.3669}",66.9,76,1026,100,7.7,2021-10-23 04:27:04,28.3669
335,Kholtoson,RU,"{'lon': 103.3097, 'lat': 50.2981}",43.7,32,1022,8,2.95,2021-10-23 04:27:04,50.2981
336,Mataram,ID,"{'lon': 116.1167, 'lat': -8.5833}",88.61,59,1012,86,11.23,2021-10-23 04:27:04,-8.5833
337,Mitsamiouli,KM,"{'lon': 43.2844, 'lat': -11.3847}",75.49,78,1015,20,5.75,2021-10-23 04:27:04,-11.3847
338,Baykit,RU,"{'lon': 96.37, 'lat': 61.67}",35.76,75,1013,96,13.15,2021-10-23 04:27:05,61.67
339,Lompoc,US,"{'lon': -120.4579, 'lat': 34.6391}",62.78,90,1015,90,8.05,2021-10-23 04:27:05,34.6391
340,Sabha,LY,"{'lon': 14.4283, 'lat': 27.0377}",73.09,28,1016,54,18.03,2021-10-23 04:27:05,27.0377
341,Saint-Paul,RE,"{'lon': 55.2707, 'lat': -21.0096}",82.99,74,1020,2,1.01,2021-10-23 04:27:06,-21.0096
342,Zambezi,ZM,"{'lon': 23.1047, 'lat': -13.5432}",67.32,81,1013,52,3.36,2021-10-23 04:27:06,-13.5432
343,Buritis,BR,"{'lon': -46.4233, 'lat': -15.6178}",72.93,79,1011,86,0.56,2021-10-23 04:27:06,-15.6178
344,Sungai Raya,ID,"{'lon': 108.9, 'lat': 0.7}",84.78,65,1012,29,1.66,2021-10-23 04:27:07,0.7
345,Hua Hin,TH,"{'lon': 99.9588, 'lat': 12.5707}",84.99,74,1014,40,3.44,2021-10-23 04:26:44,12.5707
346,Yangi Marg`ilon,UZ,"{'lon': 71.7189, 'lat': 40.4272}",48.92,49,1034,17,0.0,2021-10-23 04:27:07,40.4272
347,Marystown,CA,"{'lon': -55.1483, 'lat': 47.1666}",55.85,100,1013,99,7.29,2021-10-23 04:27:07,47.1666
348,Ostrovnoy,RU,"{'lon': 39.5131, 'lat': 68.0531}",33.75,67,996,100,22.15,2021-10-23 04:27:07,68.0531
349,Duxbury,US,"{'lon': -70.6723, 'lat': 42.0418}",59.09,77,1012,75,3.44,2021-10-23 04:27:08,42.0418
350,Hauterive,FR,"{'lon': 3.4459, 'lat': 46.0901}",35.38,91,1028,4,1.16,2021-10-23 04:27:08,46.0901
351,Río Gallegos,AR,"{'lon': -69.2181, 'lat': -51.6226}",39.25,70,991,40,32.21,2021-10-23 04:27:08,-51.6226
352,Hillsborough,US,"{'lon': -122.3794, 'lat': 37.5741}",58.59,88,1015,75,9.22,2021-10-23 04:27:09,37.5741
353,Dalvik,IS,"{'lon': -18.5286, 'lat': 65.9702}",31.93,89,991,100,11.79,2021-10-23 04:27:09,65.9702
354,Saint-Pierre,RE,"{'lon': 55.4781, 'lat': -21.3393}",82.56,72,1018,0,5.75,2021-10-23 04:27:09,-21.3393
355,Rodrigues Alves,BR,"{'lon': -72.6509, 'lat': -7.738}",75.02,85,1008,39,2.95,2021-10-23 04:27:09,-7.738
356,Poquoson,US,"{'lon': -76.3458, 'lat': 37.1224}",64.99,89,1013,1,4.61,2021-10-23 04:27:10,37.1224
357,Araouane,ML,"{'lon': -3.5265, 'lat': 18.9048}",77.14,23,1010,2,8.7,2021-10-23 04:27:10,18.9048
358,Udachny,RU,"{'lon': 112.4, 'lat': 66.4167}",22.62,88,1005,99,5.41,2021-10-23 04:27:10,66.4167
359,Prattville,US,"{'lon': -86.4597, 'lat': 32.464}",59.77,90,1018,1,0.0,2021-10-23 04:27:11,32.464
360,Uíge,AO,"{'lon': 15.0613, 'lat': -7.6087}",66.72,99,1014,96,1.41,2021-10-23 04:27:11,-7.6087
361,Anjār,IN,"{'lon': 70.0167, 'lat': 23.1333}",80.4,60,1013,24,13.62,2021-10-23 04:27:11,23.1333
362,Husavik,IS,"{'lon': -17.3389, 'lat': 66.0449}",31.91,92,992,100,10.04,2021-10-23 04:27:12,66.0449
363,Garsten,AT,"{'lon': 14.4035, 'lat': 47.9987}",45.1,83,1027,43,4.83,2021-10-23 04:27:12,47.9987
364,Lusambo,CD,"{'lon': 23.45, 'lat': -4.9667}",68.31,98,1013,100,0.92,2021-10-23 04:27:12,-4.9667
365,Schattdorf,CH,"{'lon': 8.6547, 'lat': 46.8655}",47.32,90,1027,57,1.48,2021-10-23 04:27:13,46.8655
366,Najrān,SA,"{'lon': 44.1277, 'lat': 17.4924}",63.25,30,1021,94,1.14,2021-10-23 04:27:13,17.4924
367,Benīganj,IN,"{'lon': 80.45, 'lat': 27.2833}",79.11,50,1015,0,1.54,2021-10-23 04:27:13,27.2833
368,Plouzané,FR,"{'lon': -4.6167, 'lat': 48.3833}",42.85,97,1026,0,5.75,2021-10-23 04:27:13,48.3833
369,Tallahassee,US,"{'lon': -84.2807, 'lat': 30.4383}",71.64,96,1016,20,0.0,2021-10-23 04:27:14,30.4383
370,Kokopo,PG,"{'lon': 152.2633, 'lat': -4.352}",85.57,60,1009,91,12.17,2021-10-23 04:27:14,-4.352
371,Pallisa,UG,"{'lon': 33.7094, 'lat': 1.145}",64.96,91,1014,22,2.55,2021-10-23 04:27:14,1.145
372,Makakilo City,US,"{'lon': -158.0858, 'lat': 21.3469}",80.92,60,1017,20,9.22,2021-10-23 04:27:15,21.3469
373,Meulaboh,ID,"{'lon': 96.1285, 'lat': 4.1363}",84.22,69,1013,94,1.43,2021-10-23 04:27:15,4.1363
374,Kiama,AU,"{'lon': 150.8667, 'lat': -34.6833}",90.0,66,1009,67,9.75,2021-10-23 04:27:15,-34.6833
375,Dwārka,IN,"{'lon': 68.9678, 'lat': 22.2394}",80.1,69,1014,48,14.9,2021-10-23 04:27:15,22.2394
376,Longyearbyen,SJ,"{'lon': 15.6401, 'lat': 78.2186}",21.04,79,1007,75,1.14,2021-10-23 04:27:16,78.2186
377,Pisco,PE,"{'lon': -76.2167, 'lat': -13.7}",60.85,82,1015,0,5.75,2021-10-23 04:27:16,-13.7
378,Tshane,BW,"{'lon': 21.8684, 'lat': -24.0196}",60.03,21,1014,0,10.22,2021-10-23 04:27:16,-24.0196
379,Tooele,US,"{'lon': -112.2983, 'lat': 40.5308}",59.86,33,1009,1,16.11,2021-10-23 04:27:17,40.5308
380,Byron Bay,AU,"{'lon': 153.6167, 'lat': -28.65}",89.71,62,1011,0,15.17,2021-10-23 04:23:18,-28.65
381,Porto-Novo,BJ,"{'lon': 2.6036, 'lat': 6.4965}",73.22,88,1011,100,4.41,2021-10-23 04:27:17,6.4965
382,Verkhnevilyuysk,RU,"{'lon': 120.3167, 'lat': 63.4453}",35.87,82,1007,82,8.25,2021-10-23 04:27:17,63.4453
383,Padang,ID,"{'lon': 100.3543, 'lat': -0.9492}",86.05,70,1013,72,4.25,2021-10-23 04:27:18,-0.9492
384,Shenjiamen,CN,"{'lon': 122.298, 'lat': 29.9576}",66.78,56,1026,100,12.53,2021-10-23 04:27:18,29.9576
385,Liyang,CN,"{'lon': 118.2862, 'lat': 29.7057}",65.52,50,1026,32,5.21,2021-10-23 04:27:18,29.7057
386,Pacific Grove,US,"{'lon': -121.9166, 'lat': 36.6177}",57.81,89,1016,75,1.01,2021-10-23 04:26:00,36.6177
387,Tagusao,PH,"{'lon': 117.8141, 'lat': 9.1924}",84.47,69,1010,95,1.99,2021-10-23 04:27:19,9.1924
388,Sonda,EE,"{'lon': 26.8364, 'lat': 59.3436}",37.04,94,991,100,11.16,2021-10-23 04:27:19,59.3436
389,Kuandian,CN,"{'lon': 124.7847, 'lat': 40.7286}",54.25,39,1029,0,2.26,2021-10-23 04:27:19,40.7286
390,Vila Velha,BR,"{'lon': -40.2925, 'lat': -20.3297}",67.95,94,1015,40,4.61,2021-10-23 04:27:20,-20.3297
391,Bloemhof,ZA,"{'lon': 25.607, 'lat': -27.6469}",56.53,35,1013,0,4.92,2021-10-23 04:27:20,-27.6469
392,Ulagan,RU,"{'lon': 87.9563, 'lat': 50.6321}",36.97,74,1030,90,1.63,2021-10-23 04:27:20,50.6321
393,Margate,GB,"{'lon': 1.3862, 'lat': 51.3813}",49.03,88,1020,12,6.55,2021-10-23 04:27:20,51.3813
394,Çorovodë,AL,"{'lon': 20.2272, 'lat': 40.5042}",56.44,86,1020,100,5.19,2021-10-23 04:27:21,40.5042
395,Lavrentiya,RU,"{'lon': -171, 'lat': 65.5833}",24.62,84,994,100,11.12,2021-10-23 04:27:21,65.5833
396,Vestmannaeyjar,IS,"{'lon': -20.2734, 'lat': 63.4427}",47.86,92,991,100,8.79,2021-10-23 04:27:21,63.4427
397,Srednekolymsk,RU,"{'lon': 153.6833, 'lat': 67.45}",-2.2,93,1012,59,0.89,2021-10-23 04:27:22,67.45
398,Kuching,MY,"{'lon': 110.3333, 'lat': 1.55}",89.82,66,1012,40,2.3,2021-10-23 04:27:22,1.55
399,Nioro,GM,"{'lon': -15.75, 'lat': 13.35}",73.47,65,1009,33,3.98,2021-10-23 04:27:22,13.35
400,Karratha,AU,"{'lon': 116.8463, 'lat': -20.7377}",96.12,19,1012,13,16.69,2021-10-23 04:27:22,-20.7377
401,Anito,PH,"{'lon': 125.2886, 'lat': 12.4497}",77.54,92,1011,100,4.5,2021-10-23 04:27:23,12.4497
402,Brownwood,US,"{'lon': -98.9912, 'lat': 31.7093}",70.92,82,1015,75,5.75,2021-10-23 04:27:23,31.7093
403,Scarborough,GB,"{'lon': -0.4044, 'lat': 54.2797}",48.52,90,1022,88,7.9,2021-10-23 04:27:23,54.2797
404,Atar,MR,"{'lon': -13.0499, 'lat': 20.5169}",75.65,22,1012,100,6.89,2021-10-23 04:27:24,20.5169
405,Namatanai,PG,"{'lon': 152.4333, 'lat': -3.6667}",84.11,68,1010,94,9.6,2021-10-23 04:27:24,-3.6667
406,Cidreira,BR,"{'lon': -50.2056, 'lat': -30.1811}",64.63,90,1009,0,11.36,2021-10-23 04:27:24,-30.1811
407,Benguela,AO,"{'lon': 13.4055, 'lat': -12.5763}",73.74,77,1012,91,2.62,2021-10-23 04:27:25,-12.5763
408,San Miguel,SV,"{'lon': -88.1833, 'lat': 13.4833}",74.1,97,1012,100,1.88,2021-10-23 04:27:25,13.4833
409,Aranos,NA,"{'lon': 19.1167, 'lat': -24.1333}",57.74,36,1015,0,7.96,2021-10-23 04:27:25,-24.1333
410,Ulaanbaatar,MN,"{'lon': 106.8832, 'lat': 47.9077}",44.73,26,1022,0,4.47,2021-10-23 04:26:52,47.9077
411,Zhigansk,RU,"{'lon': 123.3711, 'lat': 66.7697}",19.67,95,1006,91,5.46,2021-10-23 04:27:26,66.7697
412,Maun,BW,"{'lon': 23.4167, 'lat': -19.9833}",66.16,77,1015,0,4.61,2021-10-23 04:27:26,-19.9833
413,Juba,SS,"{'lon': 31.5825, 'lat': 4.8517}",69.93,93,1012,43,3.18,2021-10-23 04:27:26,4.8517
414,Vardø,NO,"{'lon': 31.1107, 'lat': 70.3705}",34.81,60,1002,100,19.39,2021-10-23 04:27:26,70.3705
415,Verkhniye Kigi,RU,"{'lon': 58.6044, 'lat': 55.4083}",46.56,88,1006,100,18.21,2021-10-23 04:27:27,55.4083
416,Owando,CG,"{'lon': 15.8999, 'lat': -0.4819}",69.96,99,1012,88,2.75,2021-10-23 04:27:27,-0.4819
417,Tyazhinskiy,RU,"{'lon': 88.524, 'lat': 56.116}",39.92,50,1022,95,19.35,2021-10-23 04:27:27,56.116
418,Assiniboia,CA,"{'lon': -105.9845, 'lat': 49.6334}",35.51,64,1015,52,16.11,2021-10-23 04:27:28,49.6334
419,Deputatsky,RU,"{'lon': 139.9, 'lat': 69.3}",0.64,96,1011,96,0.31,2021-10-23 04:27:28,69.3
420,Anqiu,CN,"{'lon': 119.1925, 'lat': 36.4342}",59.9,37,1030,57,2.75,2021-10-23 04:27:28,36.4342
421,San Vicente,AR,"{'lon': -54.1333, 'lat': -26.6167}",60.94,75,1007,20,3.27,2021-10-23 04:27:29,-26.6167
422,Dudinka,RU,"{'lon': 86.1778, 'lat': 69.4058}",29.82,98,988,100,9.33,2021-10-23 04:27:29,69.4058
423,Kalaswala,PK,"{'lon': 74.6491, 'lat': 32.2009}",76.89,47,1012,88,12.44,2021-10-23 04:27:29,32.2009
424,Ashtian,IR,"{'lon': 50.0019, 'lat': 34.5217}",44.33,43,1023,0,6.55,2021-10-23 04:27:29,34.5217
425,Almeirim,BR,"{'lon': -52.5817, 'lat': -1.5233}",75.25,89,1010,98,2.01,2021-10-23 04:27:30,-1.5233
426,Wanaka,NZ,"{'lon': 169.15, 'lat': -44.7}",67.1,36,1015,95,3.0,2021-10-23 04:27:30,-44.7
427,Ayagoz,KZ,"{'lon': 80.4392, 'lat': 47.9714}",36.95,50,1037,24,17.49,2021-10-23 04:27:30,47.9714
428,Saint-Joseph,RE,"{'lon': 55.6167, 'lat': -21.3667}",81.46,77,1020,18,3.09,2021-10-23 04:27:30,-21.3667
429,Koumac,NC,"{'lon': 164.2833, 'lat': -20.5667}",77.23,73,1015,4,11.7,2021-10-23 04:27:31,-20.5667
430,Bengkulu,ID,"{'lon': 102.2655, 'lat': -3.8004}",83.57,69,1012,97,3.91,2021-10-23 04:27:31,-3.8004
431,Linxia Chengguanzhen,CN,"{'lon': 103.2064, 'lat': 35.6003}",52.43,61,1019,62,3.65,2021-10-23 04:27:31,35.6003
432,Wuwei,CN,"{'lon': 102.6414, 'lat': 37.9281}",55.72,40,1019,75,5.79,2021-10-23 04:27:32,37.9281
433,Ancud,CL,"{'lon': -73.8203, 'lat': -41.8697}",46.42,86,1022,98,8.59,2021-10-23 04:27:32,-41.8697
434,Severobaykal'sk,RU,"{'lon': 109.3167, 'lat': 55.65}",38.35,57,1023,76,2.3,2021-10-23 04:27:32,55.65
435,Syracuse,IT,"{'lon': 15.2792, 'lat': 37.0881}",69.85,81,1017,25,2.77,2021-10-23 04:27:33,37.0881
436,Tubualá,PA,"{'lon': -79.0333, 'lat': 9.5167}",78.33,87,1011,19,6.08,2021-10-23 04:27:33,9.5167
437,Ilula,TZ,"{'lon': 36.0366, 'lat': -7.6766}",63.61,72,1018,50,3.18,2021-10-23 04:27:33,-7.6766
438,Sheridan,US,"{'lon': -106.9173, 'lat': 44.8333}",55.58,70,1006,1,0.0,2021-10-23 04:27:33,44.8333
439,Raduzhny,RU,"{'lon': 77.475, 'lat': 62.0961}",33.73,96,994,100,14.2,2021-10-23 04:27:34,62.0961
440,Faanui,PF,"{'lon': -151.75, 'lat': -16.4833}",78.13,79,1008,75,12.95,2021-10-23 04:27:34,-16.4833
441,Kuril'sk,RU,"{'lon': 147.8833, 'lat': 45.2333}",46.51,62,1013,85,6.04,2021-10-23 04:27:34,45.2333
442,Busembatia,UG,"{'lon': 33.6131, 'lat': 0.7697}",64.36,93,1015,16,2.8,2021-10-23 04:27:35,0.7697
443,Chandler,US,"{'lon': -111.8412, 'lat': 33.3062}",76.96,31,1011,1,0.0,2021-10-23 04:24:01,33.3062
444,Oranjemund,NA,"{'lon': 16.4333, 'lat': -28.55}",58.06,78,1016,37,17.56,2021-10-23 04:27:35,-28.55
445,San Quintín,MX,"{'lon': -115.95, 'lat': 30.4833}",63.05,86,1013,4,12.82,2021-10-23 04:27:35,30.4833
446,Robertsport,LR,"{'lon': -11.3686, 'lat': 6.7533}",76.68,89,1010,100,5.75,2021-10-23 04:27:36,6.7533
447,Watrous,CA,"{'lon': -105.4679, 'lat': 51.6668}",26.38,80,1019,6,11.5,2021-10-23 04:27:36,51.6668
448,Marsabit,KE,"{'lon': 37.9899, 'lat': 2.3284}",64.76,71,1016,48,14.67,2021-10-23 04:27:36,2.3284
449,Turbat,PK,"{'lon': 63.044, 'lat': 26.0023}",79.74,6,1015,0,16.06,2021-10-23 04:27:36,26.0023
450,Rohru,IN,"{'lon': 77.75, 'lat': 31.2167}",62.19,50,1018,4,4.03,2021-10-23 04:27:37,31.2167
451,Hualmay,PE,"{'lon': -77.6139, 'lat': -11.0964}",62.2,85,1016,42,9.93,2021-10-23 04:27:37,-11.0964
452,Waipawa,NZ,"{'lon': 175.5153, 'lat': -41.4122}",61.03,61,1023,99,12.91,2021-10-23 04:27:37,-41.4122
453,Nishihara,JP,"{'lon': 127.7558, 'lat': 26.1842}",76.28,53,1019,75,18.41,2021-10-23 04:27:38,26.1842
454,Arlit,NE,"{'lon': 7.3853, 'lat': 18.7369}",82.85,16,1011,16,10.96,2021-10-23 04:27:38,18.7369
455,Kaunas,LT,"{'lon': 23.9, 'lat': 54.9}",39.38,81,1003,75,11.5,2021-10-23 04:27:38,54.9
456,Radcliff,US,"{'lon': -85.9491, 'lat': 37.8404}",53.22,88,1017,90,1.01,2021-10-23 04:27:38,37.8404
457,Maryville,US,"{'lon': -83.9705, 'lat': 35.7565}",56.16,88,1018,90,5.75,2021-10-23 04:27:39,35.7565
458,Gejiu,CN,"{'lon': 103.1635, 'lat': 23.306}",47.05,93,1023,100,3.38,2021-10-23 04:27:39,23.306
459,Riyadh,SA,"{'lon': 46.7219, 'lat': 24.6877}",69.94,31,1018,4,5.57,2021-10-23 04:25:07,24.6877
460,Sassandra,CI,"{'lon': -6.0833, 'lat': 4.95}",74.84,92,1011,75,4.21,2021-10-23 04:27:39,4.95
461,Lena,ES,"{'lon': -5.7333, 'lat': 43.1}",39.96,87,1024,0,4.16,2021-10-23 04:27:40,43.1
462,Bagdarin,RU,"{'lon': 113.6, 'lat': 54.4333}",42.04,46,1020,16,1.25,2021-10-23 04:27:40,54.4333
463,Kumul,CN,"{'lon': 93.45, 'lat': 42.8}",59.76,22,1022,11,4.65,2021-10-23 04:27:40,42.8
464,Yumen,CN,"{'lon': 97.2, 'lat': 40.2833}",52.65,22,1020,0,18.59,2021-10-23 04:27:40,40.2833
465,Adra,ES,"{'lon': -3.0206, 'lat': 36.7496}",65.44,70,1018,85,1.68,2021-10-23 04:27:41,36.7496
466,San Miguel de Tucumán,AR,"{'lon': -65.2226, 'lat': -26.8241}",73.4,49,1000,9,9.22,2021-10-23 04:27:41,-26.8241
467,Saint Anthony,US,"{'lon': -93.218, 'lat': 45.0205}",40.24,73,1019,20,3.44,2021-10-23 04:27:41,45.0205
468,Khokhlovo,RU,"{'lon': 37.3998, 'lat': 59.1492}",39.22,91,993,100,11.32,2021-10-23 04:27:42,59.1492
469,Caravelas,BR,"{'lon': -39.2481, 'lat': -17.7125}",73.27,86,1013,97,5.86,2021-10-23 04:27:42,-17.7125
470,Bethanien,NA,"{'lon': 17.1583, 'lat': -26.502}",46.83,65,1018,0,9.46,2021-10-23 04:27:42,-26.502
471,Suez,EG,"{'lon': 32.5263, 'lat': 29.9737}",65.75,80,1019,0,7.81,2021-10-23 04:27:42,29.9737
472,Mońki,PL,"{'lon': 22.7979, 'lat': 53.405}",40.68,76,1009,78,19.19,2021-10-23 04:27:43,53.405
473,Vostok,RU,"{'lon': 135.8833, 'lat': 46.4856}",42.01,60,1019,15,8.48,2021-10-23 04:27:43,46.4856
474,Manaure,CO,"{'lon': -72.4445, 'lat': 11.7751}",81.5,79,1011,5,20.71,2021-10-23 04:27:43,11.7751
475,Miramar,US,"{'lon': -80.2323, 'lat': 25.9873}",77.02,94,1015,20,0.0,2021-10-23 04:27:44,25.9873
476,Kaseda-shirakame,JP,"{'lon': 130.3167, 'lat': 31.4167}",69.03,49,1023,80,4.68,2021-10-23 04:27:44,31.4167
477,Zhangye,CN,"{'lon': 100.4517, 'lat': 38.9342}",55.47,27,1020,19,3.47,2021-10-23 04:27:44,38.9342
478,Koundara,GN,"{'lon': -13.3, 'lat': 12.4833}",74.97,73,1009,88,2.19,2021-10-23 04:27:45,12.4833
479,Arganil,PT,"{'lon': -8.054, 'lat': 40.2183}",56.66,70,1021,1,3.65,2021-10-23 04:27:45,40.2183
480,Albury,AU,"{'lon': 146.9167, 'lat': -36.0833}",73.45,84,1012,75,17.27,2021-10-23 04:27:45,-36.0833
481,Port Hawkesbury,CA,"{'lon': -61.3485, 'lat': 45.6169}",64.0,94,1012,90,1.99,2021-10-23 04:27:45,45.6169
482,Sørland,NO,"{'lon': 12.6934, 'lat': 67.667}",40.86,53,1007,95,7.02,2021-10-23 04:27:46,67.667
483,Nantucket,US,"{'lon': -70.0995, 'lat': 41.2835}",62.71,86,1012,1,6.91,2021-10-23 04:25:31,41.2835
484,Baruun-Urt,MN,"{'lon': 113.2792, 'lat': 46.6806}",44.42,32,1025,24,13.98,2021-10-23 04:27:46,46.6806
485,Zabul Province,AF,"{'lon': 67.25, 'lat': 32.25}",48.6,35,1018,0,3.44,2021-10-23 04:27:46,32.25
486,Chara,RU,"{'lon': 118.2631, 'lat': 56.9064}",40.48,51,1019,80,2.71,2021-10-23 04:27:47,56.9064
487,Chaykovskiy,RU,"{'lon': 54.1148, 'lat': 56.7686}",45.81,87,1003,77,11.3,2021-10-23 04:27:47,56.7686
488,Imbituba,BR,"{'lon': -48.6703, 'lat': -28.24}",68.83,92,1011,4,11.99,2021-10-23 04:27:47,-28.24
489,Kamennogorsk,RU,"{'lon': 29.1339, 'lat': 60.9545}",38.21,97,989,100,3.8,2021-10-23 04:27:47,60.9545
490,Charter Township of Clinton,US,"{'lon': -82.9199, 'lat': 42.587}",44.67,88,1019,40,0.0,2021-10-23 04:27:48,42.587
491,Neiafu,TO,"{'lon': -173.9833, 'lat': -18.65}",77.68,61,1014,40,9.22,2021-10-23 04:27:48,-18.65
492,Port Hardy,CA,"{'lon': -127.4199, 'lat': 50.6996}",50.0,81,1001,90,6.91,2021-10-23 04:27:48,50.6996
493,Kaeo,NZ,"{'lon': 173.7833, 'lat': -35.1}",61.32,97,1017,100,18.14,2021-10-23 04:27:49,-35.1
494,Northam,GB,"{'lon': -4.2167, 'lat': 51.0333}",53.1,76,1024,86,8.39,2021-10-23 04:27:49,51.0333
495,Sarrebourg,FR,"{'lon': 7.05, 'lat': 48.7333}",44.31,77,1026,100,3.4,2021-10-23 04:27:49,48.7333
496,Port Macquarie,AU,"{'lon': 152.9167, 'lat': -31.4333}",84.16,71,1010,17,10.87,2021-10-23 04:23:56,-31.4333
497,Goderich,CA,"{'lon': -81.7165, 'lat': 43.7501}",39.52,81,1017,100,4.61,2021-10-23 04:27:50,43.7501
498,Cabedelo,BR,"{'lon': -34.8339, 'lat': -6.9811}",79.47,79,1011,33,7.72,2021-10-23 04:24:22,-6.9811
499,Xianyang,CN,"{'lon': 108.7026, 'lat': 34.3378}",56.44,67,1026,100,11.18,2021-10-23 04:27:50,34.3378
500,Fairbanks,US,"{'lon': -147.7164, 'lat': 64.8378}",33.98,86,979,1,4.61,2021-10-23 04:26:38,64.8378
501,Campbellton,CA,"{'lon': -66.6727, 'lat': 48.0075}",54.05,92,1011,94,8.34,2021-10-23 04:27:50,48.0075
502,Jiayuguan City,CN,"{'lon': 98.3, 'lat': 39.8167}",51.08,27,1021,0,8.9,2021-10-23 04:27:51,39.8167
503,Bermeo,ES,"{'lon': -2.7215, 'lat': 43.4209}",55.63,78,1024,30,4.18,2021-10-23 04:27:51,43.4209
504,Mount Hagen,PG,"{'lon': 144.2274, 'lat': -5.8581}",74.16,60,1020,20,4.61,2021-10-23 04:27:51,-5.8581
505,Garden City,US,"{'lon': -83.331, 'lat': 42.3256}",45.99,86,1015,75,3.44,2021-10-23 04:27:51,42.3256
506,La Ronge,CA,"{'lon': -105.2842, 'lat': 55.1001}",34.05,75,1021,20,17.27,2021-10-23 04:27:52,55.1001
507,Santa Cruz de la Sierra,BO,"{'lon': -63.1667, 'lat': -17.8}",81.86,69,1003,6,14.97,2021-10-23 04:27:52,-17.8
508,Karatau,KZ,"{'lon': 70.4667, 'lat': 43.1667}",42.1,54,1035,20,4.12,2021-10-23 04:27:52,43.1667
509,Salto,UY,"{'lon': -57.9667, 'lat': -31.3833}",61.45,80,1006,20,6.76,2021-10-23 04:27:53,-31.3833
510,Natal,BR,"{'lon': -35.2094, 'lat': -5.795}",81.25,89,1011,0,8.05,2021-10-23 04:23:43,-5.795
511,Noumea,NC,"{'lon': 166.4572, 'lat': -22.2763}",80.58,79,1016,11,9.6,2021-10-23 04:27:04,-22.2763
512,Farmington,US,"{'lon': -108.2187, 'lat': 36.7281}",48.88,34,1017,1,8.05,2021-10-23 04:27:53,36.7281
513,Pimentel,PE,"{'lon': -79.9342, 'lat': -6.8367}",64.02,88,1015,99,11.7,2021-10-23 04:27:53,-6.8367
514,Skibbereen,IE,"{'lon': -9.2667, 'lat': 51.55}",53.4,78,1018,100,18.61,2021-10-23 04:27:53,51.55
515,Staunton,US,"{'lon': -79.0717, 'lat': 38.1496}",56.12,73,1016,1,0.0,2021-10-23 04:27:54,38.1496
516,Anjiang,CN,"{'lon': 110.1031, 'lat': 27.3194}",62.89,64,1026,34,3.31,2021-10-23 04:27:54,27.3194
517,Port Blair,IN,"{'lon': 92.75, 'lat': 11.6667}",86.04,84,1013,75,5.75,2021-10-23 04:27:54,11.6667
518,Ulcinj,ME,"{'lon': 19.2244, 'lat': 41.9294}",63.93,85,1019,86,6.38,2021-10-23 04:27:55,41.9294
519,Leshukonskoye,RU,"{'lon': 45.7622, 'lat': 64.8989}",26.37,89,988,100,7.67,2021-10-23 04:27:55,64.8989
520,Arrondissement de Gap,FR,"{'lon': 6, 'lat': 44.6667}",26.83,86,1023,1,5.93,2021-10-23 04:27:55,44.6667
521,Westport,US,"{'lon': -73.3579, 'lat': 41.1415}",60.84,68,1012,90,5.99,2021-10-23 04:27:28,41.1415
522,Evensk,RU,"{'lon': 159.2333, 'lat': 61.95}",12.56,71,1009,90,5.57,2021-10-23 04:27:56,61.95
523,Cayenne,GF,"{'lon': -52.3333, 'lat': 4.9333}",78.1,90,1011,75,1.99,2021-10-23 04:27:56,4.9333
524,Goianésia,BR,"{'lon': -49.1175, 'lat': -15.3175}",71.85,80,1011,49,2.21,2021-10-23 04:27:56,-15.3175
525,Praia,CV,"{'lon': -23.5087, 'lat': 14.9215}",77.54,57,1011,0,9.22,2021-10-23 04:27:56,14.9215
526,Seoul,KR,"{'lon': 126.9778, 'lat': 37.5683}",63.97,29,1028,0,8.05,2021-10-23 04:23:12,37.5683
527,Kahului,US,"{'lon': -156.47, 'lat': 20.8947}",78.82,77,1016,40,19.57,2021-10-23 04:26:08,20.8947
528,Mercedes,AR,"{'lon': -59.4307, 'lat': -34.6515}",58.86,90,1009,100,13.31,2021-10-23 04:27:57,-34.6515
529,Buenos Aires,AR,"{'lon': -58.3772, 'lat': -34.6132}",60.94,88,1011,75,11.5,2021-10-23 04:24:05,-34.6132
530,Bridgetown,BB,"{'lon': -59.6167, 'lat': 13.1}",82.89,69,1014,20,25.32,2021-10-23 04:23:58,13.1
531,Hervey Bay,AU,"{'lon': 152.8535, 'lat': -25.2986}",83.03,83,1014,3,20.83,2021-10-23 04:27:57,-25.2986
532,Chunoyar,RU,"{'lon': 97.3217, 'lat': 57.4467}",41.43,62,1024,98,11.45,2021-10-23 04:27:58,57.4467
533,Klyuchevskiy,RU,"{'lon': 119.4519, 'lat': 53.5317}",43.9,48,1018,15,3.13,2021-10-23 04:27:58,53.5317
534,Soyo,AO,"{'lon': 12.3689, 'lat': -6.1349}",77.14,87,1012,96,4.79,2021-10-23 04:27:58,-6.1349
535,Orthez,FR,"{'lon': -0.7724, 'lat': 43.4884}",49.77,88,1024,29,1.79,2021-10-23 04:27:59,43.4884
536,Kloulklubed,PW,"{'lon': 134.2556, 'lat': 7.0419}",84.56,70,1010,33,9.01,2021-10-23 04:27:59,7.0419
537,Okhotsk,RU,"{'lon': 143.3, 'lat': 59.3833}",25.09,70,1004,18,12.84,2021-10-23 04:27:59,59.3833
538,Zavetnoye,RU,"{'lon': 43.8903, 'lat': 47.1194}",48.81,77,1019,2,8.9,2021-10-23 04:27:59,47.1194
539,Pljevlja,ME,"{'lon': 19.3333, 'lat': 43.3333}",49.46,91,1020,95,1.54,2021-10-23 04:28:00,43.3333
540,Birigui,BR,"{'lon': -50.34, 'lat': -21.2886}",70.36,43,1009,0,4.9,2021-10-23 04:28:00,-21.2886
541,Gigmoto,PH,"{'lon': 124.39, 'lat': 13.7796}",77.05,96,1012,100,8.77,2021-10-23 04:28:00,13.7796
542,Valencia,ES,"{'lon': -0.8333, 'lat': 39.3333}",56.7,85,1021,12,4.25,2021-10-23 04:27:56,39.3333
543,Port Lincoln,AU,"{'lon': 135.8667, 'lat': -34.7333}",60.46,53,1024,7,17.34,2021-10-23 04:28:01,-34.7333
544,Dingzhou,CN,"{'lon': 114.9956, 'lat': 38.5131}",60.91,40,1030,47,6.06,2021-10-23 04:28:01,38.5131
545,Gandajika,CD,"{'lon': 23.95, 'lat': -6.75}",66.09,97,1013,100,1.16,2021-10-23 04:28:01,-6.75
546,Bad Salzungen,DE,"{'lon': 10.2333, 'lat': 50.8167}",40.21,90,1028,44,3.74,2021-10-23 04:28:02,50.8167
547,Amga,RU,"{'lon': 131.9608, 'lat': 60.8953}",31.78,94,1006,100,4.68,2021-10-23 04:28:02,60.8953
548,Raja,SS,"{'lon': 25.678, 'lat': 8.4596}",71.49,87,1012,100,3.85,2021-10-23 04:28:02,8.4596
549,Kamuli,UG,"{'lon': 33.1197, 'lat': 0.9472}",62.53,97,1015,45,1.32,2021-10-23 04:28:03,0.9472
550,Matagami,CA,"{'lon': -77.6328, 'lat': 49.7502}",32.11,86,1014,90,3.44,2021-10-23 04:28:03,49.7502
551,Alūksne,LV,"{'lon': 27.05, 'lat': 57.4167}",36.68,86,996,38,11.1,2021-10-23 04:28:03,57.4167
552,Apatou,GF,"{'lon': -54.3472, 'lat': 5.155}",72.99,99,1011,77,1.81,2021-10-23 04:28:04,5.155
553,Vao,NC,"{'lon': 167.4833, 'lat': -22.6667}",73.6,77,1015,0,5.82,2021-10-23 04:28:04,-22.6667
554,Bulgan,MN,"{'lon': 103.5347, 'lat': 48.8125}",42.93,32,1022,1,2.28,2021-10-23 04:28:04,48.8125
555,Kununurra,AU,"{'lon': 128.7333, 'lat': -15.7667}",100.38,34,1009,6,9.22,2021-10-23 04:28:05,-15.7667
556,Henties Bay,NA,"{'lon': 14.2845, 'lat': -22.116}",55.85,88,1018,0,7.52,2021-10-23 04:28:05,-22.116
557,Phuntsholing,BT,"{'lon': 89.3884, 'lat': 26.8516}",76.78,74,1017,72,2.68,2021-10-23 04:28:05,26.8516
558,Sena Madureira,BR,"{'lon': -68.6569, 'lat': -9.0656}",78.48,75,1008,98,2.86,2021-10-23 04:28:06,-9.0656
